{"_default": {}, "sequence_counter": {"1": {"sequence": 1}, "2": {"sequence": 2}}, "sequence2": {"1": {"rpm": {"timestamp": 0.562985897064209, "value": 12000}}, "2": {"eot": {"timestamp": 0.562985897064209, "value": 10.0}}, "3": {"vbat": {"timestamp": 0.562985897064209, "value": 13.0}}, "4": {"map1": {"timestamp": 0.562985897064209, "value": 20}}, "5": {"rpm": {"timestamp": 2.5626659393310547, "value": 12000}}, "6": {"eot": {"timestamp": 2.5626659393310547, "value": 10.0}}, "7": {"vbat": {"timestamp": 2.5626659393310547, "value": 13.0}}, "8": {"map1": {"timestamp": 2.5626659393310547, "value": 20}}, "9": {"rpm": {"timestamp": 4.562825918197632, "value": 12000}}, "10": {"eot": {"timestamp": 4.562825918197632, "value": 10.0}}, "11": {"vbat": {"timestamp": 4.562825918197632, "value": 13.0}}, "12": {"map1": {"timestamp": 4.562825918197632, "value": 20}}, "13": {"rpm": {"timestamp": 6.5631818771362305, "value": 12000}}, "14": {"eot": {"timestamp": 6.5631818771362305, "value": 10.0}}, "15": {"vbat": {"timestamp": 6.5631818771362305, "value": 13.0}}, "16": {"map1": {"timestamp": 6.5631818771362305, "value": 20}}, "17": {"rpm": {"timestamp": 8.56428599357605, "value": 12000}}, "18": {"eot": {"timestamp": 8.56428599357605, "value": 10.0}}, "19": {"vbat": {"timestamp": 8.56428599357605, "value": 13.0}}, "20": {"map1": {"timestamp": 8.56428599357605, "value": 20}}, "21": {"rpm": {"timestamp": 10.56448483467102, "value": 12000}}, "22": {"eot": {"timestamp": 10.56448483467102, "value": 10.0}}, "23": {"vbat": {"timestamp": 10.56448483467102, "value": 13.0}}, "24": {"map1": {"timestamp": 10.56448483467102, "value": 20}}, "25": {"rpm": {"timestamp": 12.564719915390015, "value": 12000}}, "26": {"eot": {"timestamp": 12.564719915390015, "value": 10.0}}, "27": {"vbat": {"timestamp": 12.564719915390015, "value": 13.0}}, "28": {"map1": {"timestamp": 12.564719915390015, "value": 20}}, "29": {"rpm": {"timestamp": 14.565765857696533, "value": 12000}}, "30": {"eot": {"timestamp": 14.565765857696533, "value": 10.0}}, "31": {"vbat": {"timestamp": 14.565765857696533, "value": 13.0}}, "32": {"map1": {"timestamp": 14.565765857696533, "value": 20}}}, "sequence1": {"11": {"vbat": {"timestamp": 5.559596061706543, "value": 13.0}}, "10": {"eot": {"timestamp": 5.559596061706543, "value": 10.0}}, "12": {"map1": {"timestamp": 5.559596061706543, "value": 20}}, "1": {"rpm": {"timestamp": 1.5589070320129395, "value": 12000}}, "3": {"vbat": {"timestamp": 1.5589070320129395, "value": 13.0}}, "2": {"eot": {"timestamp": 1.5589070320129395, "value": 10.0}}, "5": {"rpm": {"timestamp": 3.5593979358673096, "value": 12000}}, "4": {"map1": {"timestamp": 1.5589070320129395, "value": 20}}, "7": {"vbat": {"timestamp": 3.5593979358673096, "value": 13.0}}, "6": {"eot": {"timestamp": 3.5593979358673096, "value": 10.0}}, "9": {"rpm": {"timestamp": 5.559596061706543, "value": 12000}}, "8": {"map1": {"timestamp": 3.5593979358673096, "value": 20}}}}