{"_default": {}, "sequence_counter": {"1": {"sequence": 1}}, "sequence1": {"1": {"xacc": {"timestamp": 0.0047991275787353516, "value": -0.0001220703125}}, "2": {"yacc": {"timestamp": 0.0047991275787353516, "value": -0.0001220703125}}, "3": {"zacc": {"timestamp": 0.0047991275787353516, "value": 0.0029296875}}, "4": {"xacc": {"timestamp": 0.014527082443237305, "value": -0.0006103515625}}, "5": {"yacc": {"timestamp": 0.014527082443237305, "value": -0.0001220703125}}, "6": {"zacc": {"timestamp": 0.014527082443237305, "value": 0.0023193359375}}, "7": {"xacc": {"timestamp": 0.023660898208618164, "value": -0.0006103515625}}, "8": {"yacc": {"timestamp": 0.023660898208618164, "value": 0.000244140625}}, "9": {"zacc": {"timestamp": 0.023660898208618164, "value": 0.00244140625}}, "10": {"xacc": {"timestamp": 0.035939931869506836, "value": -0.0008544921875}}, "11": {"yacc": {"timestamp": 0.035939931869506836, "value": 0.000244140625}}, "12": {"zacc": {"timestamp": 0.035939931869506836, "value": 0.003173828125}}, "13": {"xacc": {"timestamp": 0.0518491268157959, "value": -0.0006103515625}}, "14": {"yacc": {"timestamp": 0.0518491268157959, "value": -0.000244140625}}, "15": {"zacc": {"timestamp": 0.0518491268157959, "value": 0.003173828125}}, "16": {"xacc": {"timestamp": 0.07061910629272461, "value": -0.0006103515625}}, "17": {"yacc": {"timestamp": 0.07061910629272461, "value": -0.00048828125}}, "18": {"zacc": {"timestamp": 0.07061910629272461, "value": 0.002685546875}}, "19": {"xacc": {"timestamp": 0.0947561264038086, "value": 0.000244140625}}, "20": {"yacc": {"timestamp": 0.0947561264038086, "value": 0.0}}, "21": {"zacc": {"timestamp": 0.0947561264038086, "value": 0.002197265625}}, "22": {"xacc": {"timestamp": 0.11966896057128906, "value": 0.0}}, "23": {"yacc": {"timestamp": 0.11966896057128906, "value": 0.0}}, "24": {"zacc": {"timestamp": 0.11966896057128906, "value": 0.0028076171875}}, "25": {"xacc": {"timestamp": 0.14812207221984863, "value": 0.0001220703125}}, "26": {"yacc": {"timestamp": 0.14812207221984863, "value": 0.0001220703125}}, "27": {"zacc": {"timestamp": 0.14812207221984863, "value": 0.0020751953125}}, "28": {"xacc": {"timestamp": 0.17959213256835938, "value": 0.0}}, "29": {"yacc": {"timestamp": 0.17959213256835938, "value": 0.000244140625}}, "30": {"zacc": {"timestamp": 0.17959213256835938, "value": 0.00244140625}}, "31": {"xacc": {"timestamp": 0.21614694595336914, "value": 0.0}}, "32": {"yacc": {"timestamp": 0.21614694595336914, "value": -0.000244140625}}, "33": {"zacc": {"timestamp": 0.21614694595336914, "value": 0.003173828125}}, "34": {"xacc": {"timestamp": 0.2543771266937256, "value": -0.00048828125}}, "35": {"yacc": {"timestamp": 0.2543771266937256, "value": -0.0001220703125}}, "36": {"zacc": {"timestamp": 0.2543771266937256, "value": 0.0032958984375}}, "37": {"xacc": {"timestamp": 0.2975339889526367, "value": 0.0}}, "38": {"yacc": {"timestamp": 0.2975339889526367, "value": -0.0001220703125}}, "39": {"zacc": {"timestamp": 0.2975339889526367, "value": 0.003173828125}}, "40": {"xacc": {"timestamp": 0.34250593185424805, "value": 0.0}}, "41": {"yacc": {"timestamp": 0.34250593185424805, "value": 0.0}}, "42": {"zacc": {"timestamp": 0.34250593185424805, "value": 0.0029296875}}, "43": {"xacc": {"timestamp": 0.39076995849609375, "value": 0.0001220703125}}, "44": {"yacc": {"timestamp": 0.39076995849609375, "value": 0.0}}, "45": {"zacc": {"timestamp": 0.39076995849609375, "value": 0.0020751953125}}, "46": {"xacc": {"timestamp": 0.4433150291442871, "value": 0.0001220703125}}, "47": {"yacc": {"timestamp": 0.4433150291442871, "value": 0.000244140625}}, "48": {"zacc": {"timestamp": 0.4433150291442871, "value": 0.0028076171875}}, "49": {"xacc": {"timestamp": 0.49836111068725586, "value": 0.000244140625}}, "50": {"yacc": {"timestamp": 0.49836111068725586, "value": 0.000732421875}}, "51": {"zacc": {"timestamp": 0.49836111068725586, "value": 0.003173828125}}, "52": {"xacc": {"timestamp": 0.556351900100708, "value": 0.0001220703125}}, "53": {"yacc": {"timestamp": 0.556351900100708, "value": 0.000244140625}}, "54": {"zacc": {"timestamp": 0.556351900100708, "value": 0.0023193359375}}, "55": {"xacc": {"timestamp": 0.6194469928741455, "value": 0.00048828125}}, "56": {"yacc": {"timestamp": 0.6194469928741455, "value": 0.0}}, "57": {"zacc": {"timestamp": 0.6194469928741455, "value": 0.001953125}}, "58": {"xacc": {"timestamp": 0.6835389137268066, "value": 0.0003662109375}}, "59": {"yacc": {"timestamp": 0.6835389137268066, "value": -0.0001220703125}}, "60": {"zacc": {"timestamp": 0.6835389137268066, "value": 0.00146484375}}, "61": {"xacc": {"timestamp": 0.7523789405822754, "value": 0.000244140625}}, "62": {"yacc": {"timestamp": 0.7523789405822754, "value": 0.0}}, "63": {"zacc": {"timestamp": 0.7523789405822754, "value": 0.001220703125}}, "64": {"xacc": {"timestamp": 0.8245890140533447, "value": -0.0001220703125}}, "65": {"yacc": {"timestamp": 0.8245890140533447, "value": 0.0006103515625}}, "66": {"zacc": {"timestamp": 0.8245890140533447, "value": 0.0013427734375}}, "67": {"xacc": {"timestamp": 0.9001600742340088, "value": -0.000244140625}}, "68": {"yacc": {"timestamp": 0.9001600742340088, "value": 0.00048828125}}, "69": {"zacc": {"timestamp": 0.9001600742340088, "value": 0.0013427734375}}, "70": {"xacc": {"timestamp": 0.9792211055755615, "value": -0.0008544921875}}, "71": {"yacc": {"timestamp": 0.9792211055755615, "value": 0.0}}, "72": {"zacc": {"timestamp": 0.9792211055755615, "value": 0.002197265625}}, "73": {"xacc": {"timestamp": 1.0608711242675781, "value": -0.0010986328125}}, "74": {"yacc": {"timestamp": 1.0608711242675781, "value": -0.000244140625}}, "75": {"zacc": {"timestamp": 1.0608711242675781, "value": 0.001220703125}}, "76": {"xacc": {"timestamp": 1.1461820602416992, "value": -0.0003662109375}}, "77": {"yacc": {"timestamp": 1.1461820602416992, "value": -0.0008544921875}}, "78": {"zacc": {"timestamp": 1.1461820602416992, "value": 0.0028076171875}}, "79": {"xacc": {"timestamp": 1.2441658973693848, "value": 0.000244140625}}, "80": {"yacc": {"timestamp": 1.2441658973693848, "value": -0.0003662109375}}, "81": {"zacc": {"timestamp": 1.2441658973693848, "value": 0.0035400390625}}, "82": {"xacc": {"timestamp": 1.3356339931488037, "value": 0.0003662109375}}, "83": {"yacc": {"timestamp": 1.3356339931488037, "value": 0.0003662109375}}, "84": {"zacc": {"timestamp": 1.3356339931488037, "value": 0.002685546875}}, "85": {"xacc": {"timestamp": 1.4436819553375244, "value": 0.0006103515625}}, "86": {"yacc": {"timestamp": 1.4436819553375244, "value": 0.000244140625}}, "87": {"zacc": {"timestamp": 1.4436819553375244, "value": 0.0020751953125}}, "88": {"xacc": {"timestamp": 1.5426700115203857, "value": 0.00146484375}}, "89": {"yacc": {"timestamp": 1.5426700115203857, "value": 0.0}}, "90": {"zacc": {"timestamp": 1.5426700115203857, "value": 0.002197265625}}, "91": {"xacc": {"timestamp": 1.6462321281433105, "value": 0.0010986328125}}, "92": {"yacc": {"timestamp": 1.6462321281433105, "value": 0.0}}, "93": {"zacc": {"timestamp": 1.6462321281433105, "value": 0.0023193359375}}, "94": {"xacc": {"timestamp": 1.7512481212615967, "value": 0.000732421875}}, "95": {"yacc": {"timestamp": 1.7512481212615967, "value": -0.0003662109375}}, "96": {"zacc": {"timestamp": 1.7512481212615967, "value": 0.00146484375}}, "97": {"xacc": {"timestamp": 1.8597350120544434, "value": 0.0}}, "98": {"yacc": {"timestamp": 1.8597350120544434, "value": -0.0008544921875}}, "99": {"zacc": {"timestamp": 1.8597350120544434, "value": 0.00244140625}}, "100": {"xacc": {"timestamp": 1.971972942352295, "value": -0.00048828125}}, "101": {"yacc": {"timestamp": 1.971972942352295, "value": -0.000732421875}}, "102": {"zacc": {"timestamp": 1.971972942352295, "value": 0.0025634765625}}, "103": {"xacc": {"timestamp": 2.0881330966949463, "value": -0.0006103515625}}, "104": {"yacc": {"timestamp": 2.0881330966949463, "value": -0.001220703125}}, "105": {"zacc": {"timestamp": 2.0881330966949463, "value": 0.002197265625}},